idx,R,G,B,hex,kind,col,row
1,181,213,217,#B5D5D9,singleton,0,0
2,152,141,204,#988DCC,singleton,1,0
3,161,161,179,#A1A1B3,singleton,2,0
4,233,221,196,#E9DDC4,singleton,3,0
5,198,238,174,#C6EEAE,singleton,4,0
6,223,192,191,#DFC0BF,singleton,5,0
7,197,179,128,#C5B380,singleton,6,0
8,128,160,235,#80A0EB,singleton,7,0
9,178,164,225,#B2A4E1,singleton,8,0
10,161,138,161,#A18AA1,singleton,9,0
11,189,210,156,#BDD29C,singleton,10,0
12,176,176,175,#B0B0AF,singleton,11,0
13,244,244,244,#F4F4F4,singleton,12,0
14,255,255,255,#FFFFFF,singleton,13,0
15,255,255,255,#FFFFFF,singleton,14,0
16,255,255,255,#FFFFFF,singleton,15,0
17,255,255,255,#FFFFFF,singleton,16,0
18,255,255,255,#FFFFFF,singleton,17,0
19,255,255,255,#FFFFFF,singleton,18,0
20,255,255,255,#FFFFFF,singleton,19,0
21,255,255,255,#FFFFFF,singleton,20,0
22,222,222,222,#DEDEDE,singleton,21,0
23,176,179,171,#B0B3AB,singleton,22,0
24,148,175,140,#94AF8C,singleton,23,0
25,185,251,211,#B9FBD3,singleton,24,0
26,217,187,169,#D9BBA9,singleton,25,0
27,230,157,200,#E69DC8,singleton,26,0
28,180,158,204,#B49ECC,singleton,27,0
29,252,214,234,#FCD6EA,singleton,28,0
30,207,222,250,#CFDEFA,singleton,29,0
31,137,176,186,#89B0BA,singleton,30,0
32,216,236,154,#D8EC9A,singleton,31,0
33,155,190,231,#9BBEE7,singleton,0,1
34,186,153,166,#BA99A6,singleton,1,1
35,225,207,221,#E1CFDD,singleton,2,1
36,183,158,127,#B79E7F,singleton,3,1
37,203,207,195,#CBCFC3,singleton,4,1
38,157,187,142,#9DBB8E,singleton,5,1
39,150,127,149,#967F95,singleton,6,1
40,250,254,194,#FAFEC2,singleton,7,1
41,207,188,248,#CFBCF8,singleton,8,1
42,190,247,192,#BEF7C0,singleton,9,1
43,162,201,164,#A2C9A4,singleton,10,1
44,178,179,176,#B2B3B0,singleton,11,1
45,244,244,244,#F4F4F4,singleton,12,1
46,255,255,255,#FFFFFF,singleton,13,1
47,255,255,255,#FFFFFF,singleton,14,1
48,255,255,255,#FFFFFF,singleton,15,1
49,255,255,255,#FFFFFF,singleton,16,1
50,255,255,255,#FFFFFF,singleton,17,1
51,255,255,255,#FFFFFF,singleton,18,1
52,255,255,255,#FFFFFF,singleton,19,1
53,255,255,255,#FFFFFF,singleton,20,1
54,222,222,222,#DEDEDE,singleton,21,1
55,173,179,174,#ADB3AE,singleton,22,1
56,139,182,184,#8BB6B8,singleton,23,1
57,144,193,182,#90C1B6,singleton,24,1
58,238,184,131,#EEB883,singleton,25,1
59,157,200,192,#9DC8C0,singleton,26,1
60,150,192,173,#96C0AD,singleton,27,1
61,175,169,244,#AFA9F4,singleton,28,1
62,255,139,160,#FF8BA0,singleton,29,1
63,212,167,128,#D4A780,singleton,30,1
64,198,195,204,#C6C3CC,singleton,31,1
65,179,247,226,#B3F7E2,singleton,0,2
66,242,136,219,#F288DB,singleton,1,2
67,159,157,214,#9F9DD6,singleton,2,2
68,213,254,222,#D5FEDE,singleton,3,2
69,147,210,153,#93D299,singleton,4,2
70,191,159,148,#BF9F94,singleton,5,2
71,243,187,207,#F3BBCF,singleton,6,2
72,162,135,141,#A2878D,singleton,7,2
73,215,178,218,#D7B2DA,singleton,8,2
74,156,156,149,#9C9C95,singleton,9,2
75,208,185,198,#D0B9C6,singleton,10,2
76,176,179,176,#B0B3B0,singleton,11,2
77,244,244,244,#F4F4F4,singleton,12,2
78,255,255,255,#FFFFFF,singleton,13,2
79,255,255,255,#FFFFFF,singleton,14,2
80,255,255,255,#FFFFFF,singleton,15,2
81,255,255,255,#FFFFFF,singleton,16,2
82,255,255,255,#FFFFFF,singleton,17,2
83,255,255,255,#FFFFFF,singleton,18,2
84,255,255,255,#FFFFFF,singleton,19,2
85,255,255,255,#FFFFFF,singleton,20,2
86,222,222,222,#DEDEDE,singleton,21,2
87,176,177,176,#B0B1B0,singleton,22,2
88,184,166,232,#B8A6E8,singleton,23,2
89,240,203,170,#F0CBAA,singleton,24,2
90,145,213,228,#91D5E4,singleton,25,2
91,233,159,143,#E99F8F,singleton,26,2
92,151,250,132,#97FA84,singleton,27,2
93,172,238,196,#ACEEC4,singleton,28,2
94,228,148,178,#E494B2,singleton,29,2
95,192,217,160,#C0D9A0,singleton,30,2
96,138,239,147,#8AEF93,singleton,31,2
97,249,157,204,#F99DCC,singleton,0,3
98,217,246,193,#D9F6C1,singleton,1,3
99,196,252,230,#C4FCE6,singleton,2,3
100,252,210,226,#FCD2E2,singleton,3,3
101,184,152,200,#B898C8,singleton,4,3
102,171,192,234,#ABC0EA,singleton,5,3
103,127,240,210,#7FF0D2,singleton,6,3
104,204,128,218,#CC80DA,singleton,7,3
105,192,178,144,#C0B290,singleton,8,3
106,239,159,251,#EF9FFB,singleton,9,3
107,171,186,167,#ABBAA7,singleton,10,3
108,176,179,178,#B0B3B2,singleton,11,3
109,244,244,244,#F4F4F4,singleton,12,3
110,255,255,255,#FFFFFF,singleton,13,3
111,255,255,255,#FFFFFF,singleton,14,3
112,255,255,255,#FFFFFF,singleton,15,3
113,255,255,255,#FFFFFF,singleton,16,3
114,255,255,255,#FFFFFF,singleton,17,3
115,255,255,255,#FFFFFF,singleton,18,3
116,255,255,255,#FFFFFF,singleton,19,3
117,255,255,255,#FFFFFF,singleton,20,3
118,222,222,222,#DEDEDE,singleton,21,3
119,174,174,173,#AEAEAD,singleton,22,3
120,198,143,138,#C68F8A,singleton,23,3
121,230,204,191,#E6CCBF,singleton,24,3
122,168,231,235,#A8E7EB,singleton,25,3
123,180,221,149,#B4DD95,singleton,26,3
124,250,147,227,#FA93E3,singleton,27,3
125,207,171,254,#CFABFE,singleton,28,3
126,133,231,228,#85E7E4,singleton,29,3
127,211,221,168,#D3DDA8,singleton,30,3
128,203,136,236,#CB88EC,singleton,31,3
129,195,156,141,#C39C8D,singleton,0,4
130,241,233,148,#F1E994,singleton,1,4
131,129,133,163,#8185A3,singleton,2,4
132,208,144,127,#D0907F,singleton,3,4
133,217,132,241,#D984F1,singleton,4,4
134,241,201,157,#F1C99D,singleton,5,4
135,156,138,169,#9C8AA9,singleton,6,4
136,170,212,163,#AAD4A3,singleton,7,4
137,250,159,251,#FA9FFB,singleton,8,4
138,238,180,252,#EEB4FC,singleton,9,4
139,173,210,162,#ADD2A2,singleton,10,4
140,176,175,175,#B0AFAF,singleton,11,4
141,244,244,244,#F4F4F4,singleton,12,4
142,255,255,255,#FFFFFF,singleton,13,4
143,255,255,255,#FFFFFF,singleton,14,4
144,255,255,255,#FFFFFF,singleton,15,4
145,255,255,255,#FFFFFF,singleton,16,4
146,255,255,255,#FFFFFF,singleton,17,4
147,255,255,255,#FFFFFF,singleton,18,4
148,255,255,255,#FFFFFF,singleton,19,4
149,255,255,255,#FFFFFF,singleton,20,4
150,222,222,222,#DEDEDE,singleton,21,4
151,176,179,179,#B0B3B3,singleton,22,4
152,224,205,157,#E0CD9D,singleton,23,4
153,141,160,209,#8DA0D1,singleton,24,4
154,161,243,233,#A1F3E9,singleton,25,4
155,154,139,220,#9A8BDC,singleton,26,4
156,228,163,219,#E4A3DB,singleton,27,4
157,137,132,189,#8984BD,singleton,28,4
158,237,222,192,#EDDEC0,singleton,29,4
159,160,236,174,#A0ECAE,singleton,30,4
160,192,254,143,#C0FE8F,singleton,31,4
161,231,195,128,#E7C380,singleton,0,5
162,148,253,190,#94FDBE,singleton,1,5
163,228,133,133,#E48585,singleton,2,5
164,164,158,201,#A49EC9,singleton,3,5
165,248,164,186,#F8A4BA,singleton,4,5
166,200,230,231,#C8E6E7,singleton,5,5
167,252,238,225,#FCEEE1,singleton,6,5
168,163,239,200,#A3EFC8,singleton,7,5
169,226,191,171,#E2BFAB,singleton,8,5
170,170,222,164,#AADEA4,singleton,9,5
171,201,205,168,#C9CDA8,singleton,10,5
172,176,174,179,#B0AEB3,singleton,11,5
173,244,244,244,#F4F4F4,singleton,12,5
174,255,255,255,#FFFFFF,singleton,13,5
175,255,255,255,#FFFFFF,singleton,14,5
176,255,255,255,#FFFFFF,singleton,15,5
177,255,255,255,#FFFFFF,singleton,16,5
178,255,255,255,#FFFFFF,singleton,17,5
179,255,255,255,#FFFFFF,singleton,18,5
180,255,255,255,#FFFFFF,singleton,19,5
181,255,255,255,#FFFFFF,singleton,20,5
182,222,222,222,#DEDEDE,singleton,21,5
183,179,172,176,#B3ACB0,singleton,22,5
184,203,195,200,#CBC3C8,singleton,23,5
185,178,170,161,#B2AAA1,singleton,24,5
186,153,189,231,#99BDE7,singleton,25,5
187,233,165,176,#E9A5B0,singleton,26,5
188,199,153,174,#C799AE,singleton,27,5
189,226,162,196,#E2A2C4,singleton,28,5
190,128,221,139,#80DD8B,singleton,29,5
191,239,238,173,#EFEEAD,singleton,30,5
192,129,186,218,#81BADA,singleton,31,5
193,176,175,182,#B0AFB6,singleton,0,6
194,170,226,167,#AAE2A7,singleton,1,6
195,152,141,166,#988DA6,singleton,2,6
196,244,236,204,#F4ECCC,singleton,3,6
197,252,236,183,#FCECB7,singleton,4,6
198,171,231,160,#ABE7A0,singleton,5,6
199,178,241,254,#B2F1FE,singleton,6,6
200,184,154,250,#B89AFA,singleton,7,6
201,228,137,184,#E489B8,singleton,8,6
202,202,150,174,#CA96AE,singleton,9,6
203,209,195,172,#D1C3AC,singleton,10,6
204,178,176,179,#B2B0B3,singleton,11,6
205,244,244,244,#F4F4F4,singleton,12,6
206,255,255,255,#FFFFFF,singleton,13,6
207,255,255,255,#FFFFFF,singleton,14,6
208,255,255,255,#FFFFFF,singleton,15,6
209,255,255,255,#FFFFFF,singleton,16,6
210,255,255,255,#FFFFFF,singleton,17,6
211,255,255,255,#FFFFFF,singleton,18,6
212,255,255,255,#FFFFFF,singleton,19,6
213,255,255,255,#FFFFFF,singleton,20,6
214,222,222,222,#DEDEDE,singleton,21,6
215,176,170,178,#B0AAB2,singleton,22,6
216,198,211,157,#C6D39D,singleton,23,6
217,199,200,127,#C7C87F,singleton,24,6
218,136,155,245,#889BF5,singleton,25,6
219,131,225,161,#83E1A1,singleton,26,6
220,140,168,155,#8CA89B,singleton,27,6
221,140,140,172,#8C8CAC,singleton,28,6
222,244,134,137,#F48689,singleton,29,6
223,215,239,154,#D7EF9A,singleton,30,6
224,192,221,247,#C0DDF7,singleton,31,6
225,173,182,235,#ADB6EB,singleton,0,7
226,138,208,220,#8AD0DC,singleton,1,7
227,244,162,211,#F4A2D3,singleton,2,7
228,149,166,239,#95A6EF,singleton,3,7
229,184,200,189,#B8C8BD,singleton,4,7
230,158,169,254,#9EA9FE,singleton,5,7
231,253,191,127,#FDBF7F,singleton,6,7
232,246,232,229,#F6E8E5,singleton,7,7
233,176,158,241,#B09EF1,singleton,8,7
234,130,181,184,#82B5B8,singleton,9,7
235,176,168,157,#B0A89D,singleton,10,7
236,178,178,179,#B2B2B3,singleton,11,7
237,244,244,244,#F4F4F4,singleton,12,7
238,255,255,255,#FFFFFF,singleton,13,7
239,255,255,255,#FFFFFF,singleton,14,7
240,255,255,255,#FFFFFF,singleton,15,7
241,255,255,255,#FFFFFF,singleton,16,7
242,255,255,255,#FFFFFF,singleton,17,7
243,255,255,255,#FFFFFF,singleton,18,7
244,255,255,255,#FFFFFF,singleton,19,7
245,255,255,255,#FFFFFF,singleton,20,7
246,222,222,222,#DEDEDE,singleton,21,7
247,176,176,172,#B0B0AC,singleton,22,7
248,199,178,139,#C7B28B,singleton,23,7
249,240,249,202,#F0F9CA,singleton,24,7
250,208,153,252,#D099FC,singleton,25,7
251,131,130,189,#8382BD,singleton,26,7
252,249,231,230,#F9E7E6,singleton,27,7
253,214,197,222,#D6C5DE,singleton,28,7
254,202,154,193,#CA9AC1,singleton,29,7
255,180,210,140,#B4D28C,singleton,30,7
256,239,197,186,#EFC5BA,singleton,31,7
257,237,181,153,#EDB599,singleton,0,8
258,178,188,131,#B2BC83,singleton,1,8
259,182,130,186,#B682BA,singleton,2,8
260,168,161,153,#A8A199,singleton,3,8
261,201,147,135,#C99387,singleton,4,8
262,245,182,143,#F5B68F,singleton,5,8
263,222,142,172,#DE8EAC,singleton,6,8
264,232,248,241,#E8F8F1,singleton,7,8
265,254,242,219,#FEF2DB,singleton,8,8
266,130,233,155,#82E99B,singleton,9,8
267,155,156,154,#9B9C9A,singleton,10,8
268,178,180,180,#B2B4B4,singleton,11,8
269,244,244,244,#F4F4F4,singleton,12,8
270,255,255,255,#FFFFFF,singleton,13,8
271,255,255,255,#FFFFFF,singleton,14,8
272,255,255,255,#FFFFFF,singleton,15,8
273,255,255,255,#FFFFFF,singleton,16,8
274,255,255,255,#FFFFFF,singleton,17,8
275,255,255,255,#FFFFFF,singleton,18,8
276,255,255,255,#FFFFFF,singleton,19,8
277,255,255,255,#FFFFFF,singleton,20,8
278,222,222,222,#DEDEDE,singleton,21,8
279,177,177,177,#B1B1B1,singleton,22,8
280,217,158,225,#D99EE1,singleton,23,8
281,136,174,159,#88AE9F,singleton,24,8
282,219,132,248,#DB84F8,singleton,25,8
283,251,183,222,#FBB7DE,singleton,26,8
284,190,178,203,#BEB2CB,singleton,27,8
285,138,141,213,#8A8DD5,singleton,28,8
286,196,129,234,#C481EA,singleton,29,8
287,142,162,225,#8EA2E1,singleton,30,8
288,223,169,152,#DFA998,singleton,31,8
289,143,128,228,#8F80E4,singleton,0,9
290,161,138,177,#A18AB1,singleton,1,9
291,167,233,139,#A7E98B,singleton,2,9
292,189,177,131,#BDB183,singleton,3,9
293,128,222,233,#80DEE9,singleton,4,9
294,177,250,232,#B1FAE8,singleton,5,9
295,150,240,192,#96F0C0,singleton,6,9
296,203,220,140,#CBDC8C,singleton,7,9
297,138,181,165,#8AB5A5,singleton,8,9
298,146,197,229,#92C5E5,singleton,9,9
299,175,156,163,#AF9CA3,singleton,10,9
300,178,175,178,#B2AFB2,singleton,11,9
301,244,244,244,#F4F4F4,singleton,12,9
302,255,255,255,#FFFFFF,singleton,13,9
303,255,255,255,#FFFFFF,singleton,14,9
304,255,255,255,#FFFFFF,singleton,15,9
305,255,255,255,#FFFFFF,singleton,16,9
306,255,255,255,#FFFFFF,singleton,17,9
307,255,255,255,#FFFFFF,singleton,18,9
308,255,255,255,#FFFFFF,singleton,19,9
309,255,255,255,#FFFFFF,singleton,20,9
310,222,222,222,#DEDEDE,singleton,21,9
311,175,180,177,#AFB4B1,singleton,22,9
312,173,208,208,#ADD0D0,singleton,23,9
313,191,136,207,#BF88CF,singleton,24,9
314,176,147,161,#B093A1,singleton,25,9
315,253,146,179,#FD92B3,singleton,26,9
316,159,231,152,#9FE798,singleton,27,9
317,178,141,250,#B28DFA,singleton,28,9
318,203,237,230,#CBEDE6,singleton,29,9
319,200,166,139,#C8A68B,singleton,30,9
320,199,167,169,#C7A7A9,singleton,31,9
321,138,198,194,#8AC6C2,singleton,0,10
322,156,166,241,#9CA6F1,singleton,1,10
323,196,187,230,#C4BBE6,singleton,2,10
324,216,146,251,#D892FB,singleton,3,10
325,212,173,171,#D4ADAB,singleton,4,10
326,232,144,229,#E890E5,singleton,5,10
327,155,214,222,#9BD6DE,singleton,6,10
328,254,235,237,#FEEBED,singleton,7,10
329,178,133,189,#B285BD,singleton,8,10
330,187,242,155,#BBF29B,singleton,9,10
331,193,176,188,#C1B0BC,singleton,10,10
332,177,175,179,#B1AFB3,singleton,11,10
333,244,244,244,#F4F4F4,singleton,12,10
334,255,255,255,#FFFFFF,singleton,13,10
335,255,255,255,#FFFFFF,singleton,14,10
336,255,255,255,#FFFFFF,singleton,15,10
337,255,255,255,#FFFFFF,singleton,16,10
338,255,255,255,#FFFFFF,singleton,17,10
339,255,255,255,#FFFFFF,singleton,18,10
340,255,255,255,#FFFFFF,singleton,19,10
341,255,255,255,#FFFFFF,singleton,20,10
342,222,222,222,#DEDEDE,singleton,21,10
343,176,176,176,#B0B0B0,singleton,22,10
344,191,233,211,#BFE9D3,singleton,23,10
345,165,151,219,#A597DB,singleton,24,10
346,182,187,158,#B6BB9E,singleton,25,10
347,217,246,161,#D9F6A1,singleton,26,10
348,226,238,159,#E2EE9F,singleton,27,10
349,182,157,178,#B69DB2,singleton,28,10
350,193,238,177,#C1EEB1,singleton,29,10
351,206,196,171,#CEC4AB,singleton,30,10
352,240,197,196,#F0C5C4,singleton,31,10
353,180,176,150,#B4B096,singleton,0,11
354,179,205,165,#B3CDA5,singleton,1,11
355,186,180,150,#BAB496,singleton,2,11
356,180,152,165,#B498A5,singleton,3,11
357,178,149,173,#B295AD,singleton,4,11
358,204,161,196,#CCA1C4,singleton,5,11
359,157,193,193,#9DC1C1,singleton,6,11
360,171,154,160,#AB9AA0,singleton,7,11
361,168,159,192,#A89FC0,singleton,8,11
362,149,194,178,#95C2B2,singleton,9,11
363,163,172,172,#A3ACAC,singleton,10,11
364,177,179,175,#B1B3AF,singleton,11,11
365,244,244,244,#F4F4F4,singleton,12,11
366,255,255,255,#FFFFFF,singleton,13,11
367,255,255,255,#FFFFFF,singleton,14,11
368,255,255,255,#FFFFFF,singleton,15,11
369,255,255,255,#FFFFFF,singleton,16,11
370,255,255,255,#FFFFFF,singleton,17,11
371,255,255,255,#FFFFFF,singleton,18,11
372,255,255,255,#FFFFFF,singleton,19,11
373,255,255,255,#FFFFFF,singleton,20,11
374,222,222,222,#DEDEDE,singleton,21,11
375,169,170,173,#A9AAAD,singleton,22,11
376,200,156,170,#C89CAA,singleton,23,11
377,172,183,170,#ACB7AA,singleton,24,11
378,153,153,178,#9999B2,singleton,25,11
379,169,172,193,#A9ACC1,singleton,26,11
380,166,209,187,#A6D1BB,singleton,27,11
381,200,176,171,#C8B0AB,singleton,28,11
382,194,165,202,#C2A5CA,singleton,29,11
383,179,211,158,#B3D39E,singleton,30,11
384,191,152,193,#BF98C1,singleton,31,11
385,187,191,191,#BBBFBF,singleton,0,12
386,190,186,184,#BEBAB8,singleton,1,12
387,185,186,185,#B9BAB9,singleton,2,12
388,188,187,190,#BCBBBE,singleton,3,12
389,189,183,185,#BDB7B9,singleton,4,12
390,188,186,187,#BCBABB,singleton,5,12
391,188,188,185,#BCBCB9,singleton,6,12
392,186,185,191,#BAB9BF,singleton,7,12
393,185,184,184,#B9B8B8,singleton,8,12
394,185,189,185,#B9BDB9,singleton,9,12
395,191,185,190,#BFB9BE,singleton,10,12
396,212,211,213,#D4D3D5,singleton,11,12
397,252,252,252,#FCFCFC,singleton,12,12
398,255,255,255,#FFFFFF,singleton,13,12
399,255,255,255,#FFFFFF,singleton,14,12
400,255,255,255,#FFFFFF,singleton,15,12
401,255,255,255,#FFFFFF,singleton,16,12
402,255,255,255,#FFFFFF,singleton,17,12
403,255,255,255,#FFFFFF,singleton,18,12
404,255,255,255,#FFFFFF,singleton,19,12
405,255,255,255,#FFFFFF,singleton,20,12
406,241,241,241,#F1F1F1,singleton,21,12
407,200,199,199,#C8C7C7,singleton,22,12
408,190,183,189,#BEB7BD,singleton,23,12
409,191,191,190,#BFBFBE,singleton,24,12
410,186,185,183,#BAB9B7,singleton,25,12
411,184,186,187,#B8BABB,singleton,26,12
412,185,186,189,#B9BABD,singleton,27,12
413,186,189,186,#BABDBA,singleton,28,12
414,185,186,186,#B9BABA,singleton,29,12
415,184,184,184,#B8B8B8,singleton,30,12
416,188,186,189,#BCBABD,singleton,31,12
417,255,255,255,#FFFFFF,singleton,0,13
418,255,255,255,#FFFFFF,singleton,1,13
419,255,255,255,#FFFFFF,singleton,2,13
420,255,255,255,#FFFFFF,singleton,3,13
421,255,255,255,#FFFFFF,singleton,4,13
422,255,255,255,#FFFFFF,singleton,5,13
423,255,255,255,#FFFFFF,singleton,6,13
424,255,255,255,#FFFFFF,singleton,7,13
425,255,255,255,#FFFFFF,singleton,8,13
426,255,255,255,#FFFFFF,singleton,9,13
427,255,255,255,#FFFFFF,singleton,10,13
428,255,255,255,#FFFFFF,singleton,11,13
429,255,255,255,#FFFFFF,singleton,12,13
430,255,255,255,#FFFFFF,singleton,13,13
431,255,255,255,#FFFFFF,singleton,14,13
432,255,255,255,#FFFFFF,singleton,15,13
433,255,255,255,#FFFFFF,singleton,16,13
434,255,255,255,#FFFFFF,singleton,17,13
435,255,255,255,#FFFFFF,singleton,18,13
436,255,255,255,#FFFFFF,singleton,19,13
437,255,255,255,#FFFFFF,singleton,20,13
438,255,255,255,#FFFFFF,singleton,21,13
439,255,255,255,#FFFFFF,singleton,22,13
440,255,255,255,#FFFFFF,singleton,23,13
441,255,255,255,#FFFFFF,singleton,24,13
442,255,255,255,#FFFFFF,singleton,25,13
443,255,255,255,#FFFFFF,singleton,26,13
444,255,255,255,#FFFFFF,singleton,27,13
445,255,255,255,#FFFFFF,singleton,28,13
446,255,255,255,#FFFFFF,singleton,29,13
447,255,255,255,#FFFFFF,singleton,30,13
448,255,255,255,#FFFFFF,singleton,31,13
449,255,255,255,#FFFFFF,singleton,0,14
450,255,255,255,#FFFFFF,singleton,1,14
451,255,255,255,#FFFFFF,singleton,2,14
452,255,255,255,#FFFFFF,singleton,3,14
453,255,255,255,#FFFFFF,singleton,4,14
454,255,255,255,#FFFFFF,singleton,5,14
455,255,255,255,#FFFFFF,singleton,6,14
456,255,255,255,#FFFFFF,singleton,7,14
457,255,255,255,#FFFFFF,singleton,8,14
458,255,255,255,#FFFFFF,singleton,9,14
459,255,255,255,#FFFFFF,singleton,10,14
460,255,255,255,#FFFFFF,singleton,11,14
461,255,255,255,#FFFFFF,singleton,12,14
462,255,255,255,#FFFFFF,singleton,13,14
463,255,255,255,#FFFFFF,singleton,14,14
464,255,255,255,#FFFFFF,singleton,15,14
465,255,255,255,#FFFFFF,singleton,16,14
466,255,255,255,#FFFFFF,singleton,17,14
467,255,255,255,#FFFFFF,singleton,18,14
468,255,255,255,#FFFFFF,singleton,19,14
469,255,255,255,#FFFFFF,singleton,20,14
470,255,255,255,#FFFFFF,singleton,21,14
471,255,255,255,#FFFFFF,singleton,22,14
472,255,255,255,#FFFFFF,singleton,23,14
473,255,255,255,#FFFFFF,singleton,24,14
474,255,255,255,#FFFFFF,singleton,25,14
475,255,255,255,#FFFFFF,singleton,26,14
476,255,255,255,#FFFFFF,singleton,27,14
477,255,255,255,#FFFFFF,singleton,28,14
478,255,255,255,#FFFFFF,singleton,29,14
479,255,255,255,#FFFFFF,singleton,30,14
480,255,255,255,#FFFFFF,singleton,31,14
481,255,255,255,#FFFFFF,singleton,0,15
482,255,255,255,#FFFFFF,singleton,1,15
483,255,255,255,#FFFFFF,singleton,2,15
484,255,255,255,#FFFFFF,singleton,3,15
485,255,255,255,#FFFFFF,singleton,4,15
486,255,255,255,#FFFFFF,singleton,5,15
487,255,255,255,#FFFFFF,singleton,6,15
488,255,255,255,#FFFFFF,singleton,7,15
489,255,255,255,#FFFFFF,singleton,8,15
490,255,255,255,#FFFFFF,singleton,9,15
491,255,255,255,#FFFFFF,singleton,10,15
492,255,255,255,#FFFFFF,singleton,11,15
493,255,255,255,#FFFFFF,singleton,12,15
494,255,255,255,#FFFFFF,singleton,13,15
495,255,255,255,#FFFFFF,singleton,14,15
496,255,255,255,#FFFFFF,singleton,15,15
497,255,255,255,#FFFFFF,singleton,16,15
498,255,255,255,#FFFFFF,singleton,17,15
499,255,255,255,#FFFFFF,singleton,18,15
500,255,255,255,#FFFFFF,singleton,19,15
501,255,255,255,#FFFFFF,singleton,20,15
502,255,255,255,#FFFFFF,singleton,21,15
503,255,255,255,#FFFFFF,singleton,22,15
504,255,255,255,#FFFFFF,singleton,23,15
505,255,255,255,#FFFFFF,singleton,24,15
506,255,255,255,#FFFFFF,singleton,25,15
507,255,255,255,#FFFFFF,singleton,26,15
508,255,255,255,#FFFFFF,singleton,27,15
509,255,255,255,#FFFFFF,singleton,28,15
510,255,255,255,#FFFFFF,singleton,29,15
511,255,255,255,#FFFFFF,singleton,30,15
512,255,255,255,#FFFFFF,singleton,31,15
513,255,255,255,#FFFFFF,singleton,0,16
514,255,255,255,#FFFFFF,singleton,1,16
515,255,255,255,#FFFFFF,singleton,2,16
516,255,255,255,#FFFFFF,singleton,3,16
517,255,255,255,#FFFFFF,singleton,4,16
518,255,255,255,#FFFFFF,singleton,5,16
519,255,255,255,#FFFFFF,singleton,6,16
520,255,255,255,#FFFFFF,singleton,7,16
521,255,255,255,#FFFFFF,singleton,8,16
522,255,255,255,#FFFFFF,singleton,9,16
523,255,255,255,#FFFFFF,singleton,10,16
524,255,255,255,#FFFFFF,singleton,11,16
525,255,255,255,#FFFFFF,singleton,12,16
526,255,255,255,#FFFFFF,singleton,13,16
527,255,255,255,#FFFFFF,singleton,14,16
528,255,255,255,#FFFFFF,singleton,15,16
529,255,255,255,#FFFFFF,singleton,16,16
530,255,255,255,#FFFFFF,singleton,17,16
531,255,255,255,#FFFFFF,singleton,18,16
532,255,255,255,#FFFFFF,singleton,19,16
533,255,255,255,#FFFFFF,singleton,20,16
534,255,255,255,#FFFFFF,singleton,21,16
535,255,255,255,#FFFFFF,singleton,22,16
536,255,255,255,#FFFFFF,singleton,23,16
537,255,255,255,#FFFFFF,singleton,24,16
538,255,255,255,#FFFFFF,singleton,25,16
539,255,255,255,#FFFFFF,singleton,26,16
540,255,255,255,#FFFFFF,singleton,27,16
541,255,255,255,#FFFFFF,singleton,28,16
542,255,255,255,#FFFFFF,singleton,29,16
543,255,255,255,#FFFFFF,singleton,30,16
544,255,255,255,#FFFFFF,singleton,31,16
545,255,255,255,#FFFFFF,singleton,0,17
546,255,255,255,#FFFFFF,singleton,1,17
547,255,255,255,#FFFFFF,singleton,2,17
548,255,255,255,#FFFFFF,singleton,3,17
549,255,255,255,#FFFFFF,singleton,4,17
550,255,255,255,#FFFFFF,singleton,5,17
551,255,255,255,#FFFFFF,singleton,6,17
552,255,255,255,#FFFFFF,singleton,7,17
553,255,255,255,#FFFFFF,singleton,8,17
554,255,255,255,#FFFFFF,singleton,9,17
555,255,255,255,#FFFFFF,singleton,10,17
556,255,255,255,#FFFFFF,singleton,11,17
557,255,255,255,#FFFFFF,singleton,12,17
558,255,255,255,#FFFFFF,singleton,13,17
559,255,255,255,#FFFFFF,singleton,14,17
560,255,255,255,#FFFFFF,singleton,15,17
561,255,255,255,#FFFFFF,singleton,16,17
562,255,255,255,#FFFFFF,singleton,17,17
563,255,255,255,#FFFFFF,singleton,18,17
564,255,255,255,#FFFFFF,singleton,19,17
565,255,255,255,#FFFFFF,singleton,20,17
566,255,255,255,#FFFFFF,singleton,21,17
567,255,255,255,#FFFFFF,singleton,22,17
568,255,255,255,#FFFFFF,singleton,23,17
569,255,255,255,#FFFFFF,singleton,24,17
570,255,255,255,#FFFFFF,singleton,25,17
571,255,255,255,#FFFFFF,singleton,26,17
572,255,255,255,#FFFFFF,singleton,27,17
573,255,255,255,#FFFFFF,singleton,28,17
574,255,255,255,#FFFFFF,singleton,29,17
575,255,255,255,#FFFFFF,singleton,30,17
576,255,255,255,#FFFFFF,singleton,31,17
577,255,255,255,#FFFFFF,singleton,0,18
578,255,255,255,#FFFFFF,singleton,1,18
579,255,255,255,#FFFFFF,singleton,2,18
580,255,255,255,#FFFFFF,singleton,3,18
581,255,255,255,#FFFFFF,singleton,4,18
582,255,255,255,#FFFFFF,singleton,5,18
583,255,255,255,#FFFFFF,singleton,6,18
584,255,255,255,#FFFFFF,singleton,7,18
585,255,255,255,#FFFFFF,singleton,8,18
586,255,255,255,#FFFFFF,singleton,9,18
587,255,255,255,#FFFFFF,singleton,10,18
588,255,255,255,#FFFFFF,singleton,11,18
589,255,255,255,#FFFFFF,singleton,12,18
590,255,255,255,#FFFFFF,singleton,13,18
591,255,255,255,#FFFFFF,singleton,14,18
592,255,255,255,#FFFFFF,singleton,15,18
593,255,255,255,#FFFFFF,singleton,16,18
594,255,255,255,#FFFFFF,singleton,17,18
595,255,255,255,#FFFFFF,singleton,18,18
596,255,255,255,#FFFFFF,singleton,19,18
597,255,255,255,#FFFFFF,singleton,20,18
598,255,255,255,#FFFFFF,singleton,21,18
599,255,255,255,#FFFFFF,singleton,22,18
600,255,255,255,#FFFFFF,singleton,23,18
601,255,255,255,#FFFFFF,singleton,24,18
602,255,255,255,#FFFFFF,singleton,25,18
603,255,255,255,#FFFFFF,singleton,26,18
604,255,255,255,#FFFFFF,singleton,27,18
605,255,255,255,#FFFFFF,singleton,28,18
606,255,255,255,#FFFFFF,singleton,29,18
607,255,255,255,#FFFFFF,singleton,30,18
608,255,255,255,#FFFFFF,singleton,31,18
609,255,255,255,#FFFFFF,singleton,0,19
610,255,255,255,#FFFFFF,singleton,1,19
611,255,255,255,#FFFFFF,singleton,2,19
612,255,255,255,#FFFFFF,singleton,3,19
613,255,255,255,#FFFFFF,singleton,4,19
614,255,255,255,#FFFFFF,singleton,5,19
615,255,255,255,#FFFFFF,singleton,6,19
616,255,255,255,#FFFFFF,singleton,7,19
617,255,255,255,#FFFFFF,singleton,8,19
618,255,255,255,#FFFFFF,singleton,9,19
619,255,255,255,#FFFFFF,singleton,10,19
620,255,255,255,#FFFFFF,singleton,11,19
621,255,255,255,#FFFFFF,singleton,12,19
622,255,255,255,#FFFFFF,singleton,13,19
623,255,255,255,#FFFFFF,singleton,14,19
624,255,255,255,#FFFFFF,singleton,15,19
625,255,255,255,#FFFFFF,singleton,16,19
626,255,255,255,#FFFFFF,singleton,17,19
627,255,255,255,#FFFFFF,singleton,18,19
628,255,255,255,#FFFFFF,singleton,19,19
629,255,255,255,#FFFFFF,singleton,20,19
630,255,255,255,#FFFFFF,singleton,21,19
631,255,255,255,#FFFFFF,singleton,22,19
632,255,255,255,#FFFFFF,singleton,23,19
633,255,255,255,#FFFFFF,singleton,24,19
634,255,255,255,#FFFFFF,singleton,25,19
635,255,255,255,#FFFFFF,singleton,26,19
636,255,255,255,#FFFFFF,singleton,27,19
637,255,255,255,#FFFFFF,singleton,28,19
638,255,255,255,#FFFFFF,singleton,29,19
639,255,255,255,#FFFFFF,singleton,30,19
640,255,255,255,#FFFFFF,singleton,31,19
641,233,233,233,#E9E9E9,singleton,0,20
642,233,233,233,#E9E9E9,singleton,1,20
643,233,233,233,#E9E9E9,singleton,2,20
644,233,233,233,#E9E9E9,singleton,3,20
645,233,233,233,#E9E9E9,singleton,4,20
646,233,233,233,#E9E9E9,singleton,5,20
647,233,233,233,#E9E9E9,singleton,6,20
648,233,233,233,#E9E9E9,singleton,7,20
649,233,233,233,#E9E9E9,singleton,8,20
650,233,233,233,#E9E9E9,singleton,9,20
651,233,233,233,#E9E9E9,singleton,10,20
652,241,241,241,#F1F1F1,singleton,11,20
653,255,255,255,#FFFFFF,singleton,12,20
654,255,255,255,#FFFFFF,singleton,13,20
655,255,255,255,#FFFFFF,singleton,14,20
656,255,255,255,#FFFFFF,singleton,15,20
657,255,255,255,#FFFFFF,singleton,16,20
658,255,255,255,#FFFFFF,singleton,17,20
659,255,255,255,#FFFFFF,singleton,18,20
660,255,255,255,#FFFFFF,singleton,19,20
661,255,255,255,#FFFFFF,singleton,20,20
662,252,252,252,#FCFCFC,singleton,21,20
663,236,236,236,#ECECEC,singleton,22,20
664,233,233,233,#E9E9E9,singleton,23,20
665,233,233,233,#E9E9E9,singleton,24,20
666,233,233,233,#E9E9E9,singleton,25,20
667,233,233,233,#E9E9E9,singleton,26,20
668,233,233,233,#E9E9E9,singleton,27,20
669,233,233,233,#E9E9E9,singleton,28,20
670,233,233,233,#E9E9E9,singleton,29,20
671,233,233,233,#E9E9E9,singleton,30,20
672,233,233,233,#E9E9E9,singleton,31,20
673,169,169,169,#A9A9A9,singleton,0,21
674,169,169,169,#A9A9A9,singleton,1,21
675,169,169,169,#A9A9A9,singleton,2,21
676,169,169,169,#A9A9A9,singleton,3,21
677,169,169,169,#A9A9A9,singleton,4,21
678,169,169,169,#A9A9A9,singleton,5,21
679,169,169,169,#A9A9A9,singleton,6,21
680,169,169,169,#A9A9A9,singleton,7,21
681,169,169,169,#A9A9A9,singleton,8,21
682,169,169,169,#A9A9A9,singleton,9,21
683,169,169,169,#A9A9A9,singleton,10,21
684,185,185,188,#B9B9BC,singleton,11,21
685,247,247,247,#F7F7F7,singleton,12,21
686,255,255,255,#FFFFFF,singleton,13,21
687,255,255,255,#FFFFFF,singleton,14,21
688,255,255,255,#FFFFFF,singleton,15,21
689,255,255,255,#FFFFFF,singleton,16,21
690,255,255,255,#FFFFFF,singleton,17,21
691,255,255,255,#FFFFFF,singleton,18,21
692,255,255,255,#FFFFFF,singleton,19,21
693,255,255,255,#FFFFFF,singleton,20,21
694,228,228,228,#E4E4E4,singleton,21,21
695,174,174,173,#AEAEAD,singleton,22,21
696,169,169,169,#A9A9A9,singleton,23,21
697,169,169,169,#A9A9A9,singleton,24,21
698,169,169,169,#A9A9A9,singleton,25,21
699,169,169,169,#A9A9A9,singleton,26,21
700,169,169,169,#A9A9A9,singleton,27,21
701,169,169,169,#A9A9A9,singleton,28,21
702,169,169,169,#A9A9A9,singleton,29,21
703,169,169,169,#A9A9A9,singleton,30,21
704,169,169,169,#A9A9A9,singleton,31,21
705,226,172,160,#E2ACA0,singleton,0,22
706,208,190,219,#D0BEDB,singleton,1,22
707,152,198,158,#98C69E,singleton,2,22
708,164,160,141,#A4A08D,singleton,3,22
709,172,193,213,#ACC1D5,singleton,4,22
710,209,202,143,#D1CA8F,singleton,5,22
711,182,165,180,#B6A5B4,singleton,6,22
712,210,202,223,#D2CADF,singleton,7,22
713,175,233,221,#AFE9DD,singleton,8,22
714,208,229,151,#D0E597,singleton,9,22
715,165,160,183,#A5A0B7,singleton,10,22
716,177,175,175,#B1AFAF,singleton,11,22
717,244,244,244,#F4F4F4,singleton,12,22
718,255,255,255,#FFFFFF,singleton,13,22
719,255,255,255,#FFFFFF,singleton,14,22
720,255,255,255,#FFFFFF,singleton,15,22
721,255,255,255,#FFFFFF,singleton,16,22
722,255,255,255,#FFFFFF,singleton,17,22
723,255,255,255,#FFFFFF,singleton,18,22
724,255,255,255,#FFFFFF,singleton,19,22
725,255,255,255,#FFFFFF,singleton,20,22
726,222,222,222,#DEDEDE,singleton,21,22
727,173,175,172,#ADAFAC,singleton,22,22
728,149,192,182,#95C0B6,singleton,23,22
729,166,226,187,#A6E2BB,singleton,24,22
730,178,192,137,#B2C089,singleton,25,22
731,220,172,165,#DCACA5,singleton,26,22
732,141,185,152,#8DB998,singleton,27,22
733,188,184,205,#BCB8CD,singleton,28,22
734,173,219,149,#ADDB95,singleton,29,22
735,177,196,210,#B1C4D2,singleton,30,22
736,232,215,177,#E8D7B1,singleton,31,22
737,145,192,173,#91C0AD,singleton,0,23
738,253,231,206,#FDE7CE,singleton,1,23
739,186,166,244,#BAA6F4,singleton,2,23
740,209,175,149,#D1AF95,singleton,3,23
741,207,152,141,#CF988D,singleton,4,23
742,154,142,245,#9A8EF5,singleton,5,23
743,145,146,226,#9192E2,singleton,6,23
744,147,174,211,#93AED3,singleton,7,23
745,133,192,182,#85C0B6,singleton,8,23
746,254,175,183,#FEAFB7,singleton,9,23
747,176,152,154,#B0989A,singleton,10,23
748,179,176,176,#B3B0B0,singleton,11,23
749,244,244,244,#F4F4F4,singleton,12,23
750,255,255,255,#FFFFFF,singleton,13,23
751,255,255,255,#FFFFFF,singleton,14,23
752,255,255,255,#FFFFFF,singleton,15,23
753,255,255,255,#FFFFFF,singleton,16,23
754,255,255,255,#FFFFFF,singleton,17,23
755,255,255,255,#FFFFFF,singleton,18,23
756,255,255,255,#FFFFFF,singleton,19,23
757,255,255,255,#FFFFFF,singleton,20,23
758,222,222,222,#DEDEDE,singleton,21,23
759,174,172,174,#AEACAE,singleton,22,23
760,146,226,229,#92E2E5,singleton,23,23
761,220,204,253,#DCCCFD,singleton,24,23
762,138,187,152,#8ABB98,singleton,25,23
763,199,153,152,#C79998,singleton,26,23
764,143,193,207,#8FC1CF,singleton,27,23
765,228,177,156,#E4B19C,singleton,28,23
766,157,229,189,#9DE5BD,singleton,29,23
767,170,190,147,#AABE93,singleton,30,23
768,161,243,254,#A1F3FE,singleton,31,23
769,176,202,226,#B0CAE2,singleton,0,24
770,224,174,229,#E0AEE5,singleton,1,24
771,213,217,249,#D5D9F9,singleton,2,24
772,251,143,128,#FB8F80,singleton,3,24
773,151,245,138,#97F58A,singleton,4,24
774,171,235,163,#ABEBA3,singleton,5,24
775,136,136,252,#8888FC,singleton,6,24
776,152,237,208,#98EDD0,singleton,7,24
777,233,184,255,#E9B8FF,singleton,8,24
778,149,136,170,#9588AA,singleton,9,24
779,171,210,203,#ABD2CB,singleton,10,24
780,175,180,175,#AFB4AF,singleton,11,24
781,244,244,244,#F4F4F4,singleton,12,24
782,193,225,255,#C1E1FF,singleton,13,24
783,255,255,255,#FFFFFF,singleton,14,24
784,255,255,255,#FFFFFF,singleton,15,24
785,255,255,255,#FFFFFF,singleton,16,24
786,255,255,255,#FFFFFF,singleton,17,24
787,255,255,255,#FFFFFF,singleton,18,24
788,255,255,255,#FFFFFF,singleton,19,24
789,255,255,255,#FFFFFF,singleton,20,24
790,222,222,222,#DEDEDE,singleton,21,24
791,170,171,177,#AAABB1,singleton,22,24
792,158,220,231,#9EDCE7,singleton,23,24
793,229,149,167,#E595A7,singleton,24,24
794,195,182,231,#C3B6E7,singleton,25,24
795,182,131,231,#B683E7,singleton,26,24
796,237,238,211,#EDEED3,singleton,27,24
797,166,180,138,#A6B48A,singleton,28,24
798,189,186,167,#BDBAA7,singleton,29,24
799,247,147,176,#F793B0,singleton,30,24
800,232,196,151,#E8C497,singleton,31,24
801,156,160,156,#9CA09C,singleton,0,25
802,149,247,149,#95F795,singleton,1,25
803,219,226,172,#DBE2AC,singleton,2,25
804,173,205,216,#ADCDD8,singleton,3,25
805,253,238,147,#FDEE93,singleton,4,25
806,174,213,161,#AED5A1,singleton,5,25
807,143,198,168,#8FC6A8,singleton,6,25
808,172,243,196,#ACF3C4,singleton,7,25
809,182,208,221,#B6D0DD,singleton,8,25
810,131,206,208,#83CED0,singleton,9,25
811,171,205,172,#ABCDAC,singleton,10,25
812,178,175,179,#B2AFB3,singleton,11,25
813,244,244,244,#F4F4F4,singleton,12,25
814,255,255,255,#FFFFFF,singleton,13,25
815,255,255,255,#FFFFFF,singleton,14,25
816,255,255,255,#FFFFFF,singleton,15,25
817,255,255,255,#FFFFFF,singleton,16,25
818,255,255,255,#FFFFFF,singleton,17,25
819,255,255,255,#FFFFFF,singleton,18,25
820,255,255,255,#FFFFFF,singleton,19,25
821,255,255,255,#FFFFFF,singleton,20,25
822,222,222,222,#DEDEDE,singleton,21,25
823,173,172,172,#ADACAC,singleton,22,25
824,231,229,201,#E7E5C9,singleton,23,25
825,191,177,227,#BFB1E3,singleton,24,25
826,175,222,243,#AFDEF3,singleton,25,25
827,229,174,199,#E5AEC7,singleton,26,25
828,220,232,157,#DCE89D,singleton,27,25
829,237,133,247,#ED85F7,singleton,28,25
830,135,203,209,#87CBD1,singleton,29,25
831,183,190,182,#B7BEB6,singleton,30,25
832,170,246,214,#AAF6D6,singleton,31,25
833,247,205,159,#F7CD9F,singleton,0,26
834,209,249,171,#D1F9AB,singleton,1,26
835,133,229,178,#85E5B2,singleton,2,26
836,199,128,149,#C78095,singleton,3,26
837,167,172,237,#A7ACED,singleton,4,26
838,167,200,187,#A7C8BB,singleton,5,26
839,215,214,187,#D7D6BB,singleton,6,26
840,216,223,247,#D8DFF7,singleton,7,26
841,128,231,217,#80E7D9,singleton,8,26
842,161,140,173,#A18CAD,singleton,9,26
843,193,176,162,#C1B0A2,singleton,10,26
844,177,177,176,#B1B1B0,singleton,11,26
845,244,244,244,#F4F4F4,singleton,12,26
846,255,255,255,#FFFFFF,singleton,13,26
847,255,255,255,#FFFFFF,singleton,14,26
848,255,255,255,#FFFFFF,singleton,15,26
849,255,255,255,#FFFFFF,singleton,16,26
850,255,255,255,#FFFFFF,singleton,17,26
851,255,255,255,#FFFFFF,singleton,18,26
852,255,255,255,#FFFFFF,singleton,19,26
853,255,255,255,#FFFFFF,singleton,20,26
854,222,222,222,#DEDEDE,singleton,21,26
855,175,175,174,#AFAFAE,singleton,22,26
856,208,223,157,#D0DF9D,singleton,23,26
857,163,219,164,#A3DBA4,singleton,24,26
858,242,215,245,#F2D7F5,singleton,25,26
859,245,148,168,#F594A8,singleton,26,26
860,157,135,172,#9D87AC,singleton,27,26
861,232,168,167,#E8A8A7,singleton,28,26
862,254,199,181,#FEC7B5,singleton,29,26
863,210,186,239,#D2BAEF,singleton,30,26
864,207,201,129,#CFC981,singleton,31,26
865,143,193,162,#8FC1A2,singleton,0,27
866,188,177,132,#BCB184,singleton,1,27
867,158,139,245,#9E8BF5,singleton,2,27
868,187,138,218,#BB8ADA,singleton,3,27
869,193,172,254,#C1ACFE,singleton,4,27
870,222,236,191,#DEECBF,singleton,5,27
871,211,134,149,#D38695,singleton,6,27
872,244,243,173,#F4F3AD,singleton,7,27
873,188,204,215,#BCCCD7,singleton,8,27
874,196,234,243,#C4EAF3,singleton,9,27
875,164,196,197,#A4C4C5,singleton,10,27
876,179,177,174,#B3B1AE,singleton,11,27
877,244,244,244,#F4F4F4,singleton,12,27
878,255,255,255,#FFFFFF,singleton,13,27
879,255,255,255,#FFFFFF,singleton,14,27
880,255,255,255,#FFFFFF,singleton,15,27
881,255,255,255,#FFFFFF,singleton,16,27
882,255,255,255,#FFFFFF,singleton,17,27
883,255,255,255,#FFFFFF,singleton,18,27
884,255,255,255,#FFFFFF,singleton,19,27
885,255,255,255,#FFFFFF,singleton,20,27
886,222,222,222,#DEDEDE,singleton,21,27
887,177,174,172,#B1AEAC,singleton,22,27
888,160,222,222,#A0DEDE,singleton,23,27
889,224,208,231,#E0D0E7,singleton,24,27
890,253,179,230,#FDB3E6,singleton,25,27
891,211,240,147,#D3F093,singleton,26,27
892,182,253,185,#B6FDB9,singleton,27,27
893,170,173,166,#AAADA6,singleton,28,27
894,167,139,171,#A78BAB,singleton,29,27
895,202,172,167,#CAACA7,singleton,30,27
896,229,226,247,#E5E2F7,singleton,31,27
897,138,140,153,#8A8C99,singleton,0,28
898,230,138,188,#E68ABC,singleton,1,28
899,135,185,155,#87B99B,singleton,2,28
900,147,145,243,#9391F3,singleton,3,28
901,141,224,144,#8DE090,singleton,4,28
902,251,162,244,#FBA2F4,singleton,5,28
903,146,182,127,#92B67F,singleton,6,28
904,157,206,175,#9DCEAF,singleton,7,28
905,224,233,199,#E0E9C7,singleton,8,28
906,207,174,165,#CFAEA5,singleton,9,28
907,154,205,174,#9ACDAE,singleton,10,28
908,177,175,179,#B1AFB3,singleton,11,28
909,244,244,244,#F4F4F4,singleton,12,28
910,255,255,255,#FFFFFF,singleton,13,28
911,255,255,255,#FFFFFF,singleton,14,28
912,255,255,255,#FFFFFF,singleton,15,28
913,255,255,255,#FFFFFF,singleton,16,28
914,255,255,255,#FFFFFF,singleton,17,28
915,255,255,255,#FFFFFF,singleton,18,28
916,255,255,255,#FFFFFF,singleton,19,28
917,255,255,255,#FFFFFF,singleton,20,28
918,222,222,222,#DEDEDE,singleton,21,28
919,172,172,178,#ACACB2,singleton,22,28
920,164,214,174,#A4D6AE,singleton,23,28
921,198,168,232,#C6A8E8,singleton,24,28
922,246,241,180,#F6F1B4,singleton,25,28
923,189,174,184,#BDAEB8,singleton,26,28
924,131,202,227,#83CAE3,singleton,27,28
925,247,168,187,#F7A8BB,singleton,28,28
926,209,188,186,#D1BCBA,singleton,29,28
927,229,165,249,#E5A5F9,singleton,30,28
928,144,198,179,#90C6B3,singleton,31,28
929,153,229,134,#99E586,singleton,0,29
930,143,132,131,#8F8483,singleton,1,29
931,237,168,235,#EDA8EB,singleton,2,29
932,159,250,246,#9FFAF6,singleton,3,29
933,216,231,194,#D8E7C2,singleton,4,29
934,144,210,205,#90D2CD,singleton,5,29
935,179,145,201,#B391C9,singleton,6,29
936,175,236,175,#AFECAF,singleton,7,29
937,138,254,227,#8AFEE3,singleton,8,29
938,233,134,173,#E986AD,singleton,9,29
939,174,183,164,#AEB7A4,singleton,10,29
940,180,178,174,#B4B2AE,singleton,11,29
941,244,244,244,#F4F4F4,singleton,12,29
942,255,255,255,#FFFFFF,singleton,13,29
943,255,255,255,#FFFFFF,singleton,14,29
944,255,255,255,#FFFFFF,singleton,15,29
945,255,255,255,#FFFFFF,singleton,16,29
946,255,255,255,#FFFFFF,singleton,17,29
947,255,255,255,#FFFFFF,singleton,18,29
948,255,255,255,#FFFFFF,singleton,19,29
949,255,255,255,#FFFFFF,singleton,20,29
950,222,222,222,#DEDEDE,singleton,21,29
951,176,180,173,#B0B4AD,singleton,22,29
952,167,231,163,#A7E7A3,singleton,23,29
953,146,248,232,#92F8E8,singleton,24,29
954,179,147,155,#B3939B,singleton,25,29
955,225,221,219,#E1DDDB,singleton,26,29
956,219,149,185,#DB95B9,singleton,27,29
957,229,186,210,#E5BAD2,singleton,28,29
958,130,229,178,#82E5B2,singleton,29,29
959,135,152,159,#87989F,singleton,30,29
960,129,138,254,#818AFE,singleton,31,29
961,130,248,160,#82F8A0,singleton,0,30
962,206,246,149,#CEF695,singleton,1,30
963,206,220,212,#CEDCD4,singleton,2,30
964,158,129,218,#9E81DA,singleton,3,30
965,171,184,129,#ABB881,singleton,4,30
966,183,198,132,#B7C684,singleton,5,30
967,217,241,191,#D9F1BF,singleton,6,30
968,211,222,243,#D3DEF3,singleton,7,30
969,158,228,192,#9EE4C0,singleton,8,30
970,148,175,139,#94AF8B,singleton,9,30
971,187,174,163,#BBAEA3,singleton,10,30
972,177,179,175,#B1B3AF,singleton,11,30
973,244,244,244,#F4F4F4,singleton,12,30
974,255,255,255,#FFFFFF,singleton,13,30
975,255,255,255,#FFFFFF,singleton,14,30
976,255,255,255,#FFFFFF,singleton,15,30
977,255,255,255,#FFFFFF,singleton,16,30
978,255,255,255,#FFFFFF,singleton,17,30
979,255,255,255,#FFFFFF,singleton,18,30
980,255,255,255,#FFFFFF,singleton,19,30
981,255,255,255,#FFFFFF,singleton,20,30
982,222,222,222,#DEDEDE,singleton,21,30
983,174,177,179,#AEB1B3,singleton,22,30
984,181,158,184,#B59EB8,singleton,23,30
985,222,154,175,#DE9AAF,singleton,24,30
986,250,128,207,#FA80CF,singleton,25,30
987,169,133,244,#A985F4,singleton,26,30
988,200,198,203,#C8C6CB,singleton,27,30
989,197,172,226,#C5ACE2,singleton,28,30
990,216,187,165,#D8BBA5,singleton,29,30
991,232,199,181,#E8C7B5,singleton,30,30
992,162,128,243,#A280F3,singleton,31,30
993,145,239,233,#91EFE9,singleton,0,31
994,230,135,197,#E687C5,singleton,1,31
995,219,190,233,#DBBEE9,singleton,2,31
996,178,243,166,#B2F3A6,singleton,3,31
997,253,153,158,#FD999E,singleton,4,31
998,249,176,166,#F9B0A6,singleton,5,31
999,160,138,210,#A08AD2,singleton,6,31
1000,250,212,205,#FAD4CD,singleton,7,31
1001,249,161,128,#F9A180,singleton,8,31
1002,173,230,185,#ADE6B9,singleton,9,31
1003,204,162,207,#CCA2CF,singleton,10,31
1004,178,176,176,#B2B0B0,singleton,11,31
1005,244,244,244,#F4F4F4,singleton,12,31
1006,255,255,255,#FFFFFF,singleton,13,31
1007,255,255,255,#FFFFFF,singleton,14,31
1008,255,255,255,#FFFFFF,singleton,15,31
1009,255,255,255,#FFFFFF,singleton,16,31
1010,255,255,255,#FFFFFF,singleton,17,31
1011,255,255,255,#FFFFFF,singleton,18,31
1012,255,255,255,#FFFFFF,singleton,19,31
1013,255,255,255,#FFFFFF,singleton,20,31
1014,222,222,222,#DEDEDE,singleton,21,31
1015,178,172,178,#B2ACB2,singleton,22,31
1016,148,169,201,#94A9C9,singleton,23,31
1017,226,228,132,#E2E484,singleton,24,31
1018,223,244,150,#DFF496,singleton,25,31
1019,237,232,178,#EDE8B2,singleton,26,31
1020,255,193,219,#FFC1DB,singleton,27,31
1021,223,167,245,#DFA7F5,singleton,28,31
1022,202,148,185,#CA94B9,singleton,29,31
1023,223,218,146,#DFDA92,singleton,30,31
1024,228,253,253,#E4FDFD,singleton,31,31
1025-1026,187,225,160,#BBE1A0,overlap_pair,0,-1
1027-1028,197,154,101,#C59A65,overlap_pair,1,-1
1029-1030,195,104,89,#C36859,overlap_pair,2,-1
1031-1032,117,193,150,#75C196,overlap_pair,3,-1
1033-1034,180,127,170,#B47FAA,overlap_pair,4,-1
1035-1036,191,162,161,#BFA2A1,overlap_pair,5,-1
1037-1038,198,189,158,#C6BD9E,overlap_pair,6,-1
1039-1040,248,134,72,#F88648,overlap_pair,7,-1
1041-1042,141,140,202,#8D8CCA,overlap_pair,8,-1
1043-1044,187,147,140,#BB938C,overlap_pair,9,-1
1045-1046,131,158,162,#839EA2,overlap_pair,10,-1
1047-1048,171,170,167,#ABAAA7,overlap_pair,11,-1
1049-1050,234,234,234,#EAEAEA,overlap_pair,12,-1
1051-1052,255,255,255,#FFFFFF,overlap_pair,13,-1
1053-1054,255,255,255,#FFFFFF,overlap_pair,14,-1
1055-1056,255,255,255,#FFFFFF,overlap_pair,15,-1
1057-1058,255,255,255,#FFFFFF,overlap_pair,16,-1
1059-1060,255,255,255,#FFFFFF,overlap_pair,17,-1
1061-1062,255,255,255,#FFFFFF,overlap_pair,18,-1
1063-1064,255,255,255,#FFFFFF,overlap_pair,19,-1
1065-1066,255,255,255,#FFFFFF,overlap_pair,20,-1
1067-1068,201,201,201,#C9C9C9,overlap_pair,21,-1
1069-1070,170,165,172,#AAA5AC,overlap_pair,22,-1
1071-1072,169,196,128,#A9C480,overlap_pair,23,-1
1073-1074,193,228,144,#C1E490,overlap_pair,24,-1
1075-1076,127,174,156,#7FAE9C,overlap_pair,25,-1
1077-1078,189,155,230,#BD9BE6,overlap_pair,26,-1
1079-1080,219,139,137,#DB8B89,overlap_pair,27,-1
1081-1082,98,188,137,#62BC89,overlap_pair,28,-1
1083-1084,129,114,208,#8172D0,overlap_pair,29,-1
1085-1086,170,136,103,#AA8867,overlap_pair,30,-1
1087-1088,243,178,87,#F3B257,overlap_pair,31,-1
